source,native,name,p_value,significant,description,term_size,query_size,intersection_size,effective_domain_size,precision,recall,query,parents,intersections,evidences
GO:CC,GO:0140534,endoplasmic reticulum protein-containing complex,1.1338324044591036e-23,True,"""A protein complex that is part of an endoplasmic reticulum."" [GOC:pg]",108,41,15,25413,0.36585365853658536,0.1388888888888889,query_1,"['GO:0005783', 'GO:0032991']","['ENSMUSG00000003814', 'ENSMUSG00000004460', 'ENSMUSG00000020964', 'ENSMUSG00000032383', 'ENSMUSG00000032042', 'ENSMUSG00000053317', 'ENSMUSG00000042747', 'ENSMUSG00000025130', 'ENSMUSG00000030062', 'ENSMUSG00000020048', 'ENSMUSG00000021917', 'ENSMUSG00000027006', 'ENSMUSG00000022769', 'ENSMUSG00000019188', 'ENSMUSG00000027248']","[['IMP', 'IEA'], ['IEA'], ['ISS', 'IEA'], ['IDA'], ['EXP', 'IEA'], ['IEA'], ['IDA', 'IEA'], ['IDA', 'ISO', 'IEA'], ['IDA', 'NAS', 'IEA'], ['IDA'], ['IEA'], ['ISS', 'IEA'], ['IDA'], ['IEA'], ['ISO', 'IEA']]"
GO:CC,GO:0005788,endoplasmic reticulum lumen,1.2230634999675566e-16,True,"""The volume enclosed by the membranes of the endoplasmic reticulum."" [ISBN:0198547684]",122,41,12,25413,0.2926829268292683,0.09836065573770492,query_1,"['GO:0005783', 'GO:0070013']","['ENSMUSG00000003814', 'ENSMUSG00000037470', 'ENSMUSG00000038312', 'ENSMUSG00000004460', 'ENSMUSG00000032383', 'ENSMUSG00000025130', 'ENSMUSG00000032575', 'ENSMUSG00000020048', 'ENSMUSG00000027006', 'ENSMUSG00000022769', 'ENSMUSG00000027248', 'ENSMUSG00000040462']","[['IDA', 'IEA'], ['ISS', 'IEA'], ['IEA'], ['IEA'], ['IEA'], ['IMP', 'IEA'], ['IEA'], ['ISO', 'IEA'], ['ISS', 'IEA'], ['IEA'], ['TAS', 'IEA'], ['ISS', 'IEA']]"
KEGG,KEGG:04141,Protein processing in endoplasmic reticulum,2.3557066593568437e-16,True,Protein processing in endoplasmic reticulum,173,23,13,10539,0.5652173913043478,0.07514450867052024,query_1,['KEGG:00000'],"['ENSMUSG00000003814', 'ENSMUSG00000037470', 'ENSMUSG00000038312', 'ENSMUSG00000004460', 'ENSMUSG00000020964', 'ENSMUSG00000053317', 'ENSMUSG00000042747', 'ENSMUSG00000025130', 'ENSMUSG00000030062', 'ENSMUSG00000020048', 'ENSMUSG00000027006', 'ENSMUSG00000027248', 'ENSMUSG00000040462']","[['KEGG'], ['KEGG'], ['KEGG'], ['KEGG'], ['KEGG'], ['KEGG'], ['KEGG'], ['KEGG'], ['KEGG'], ['KEGG'], ['KEGG'], ['KEGG'], ['KEGG']]"
GO:CC,GO:0005783,endoplasmic reticulum,1.207594310845178e-15,True,"""The irregular network of unit membranes, visible only by electron microscopy, that occurs in the cytoplasm of many eukaryotic cells. The membranes form a complex meshwork of tubular channels, which are often expanded into slitlike cavities called cisternae. The ER takes two forms, rough (or granular), with ribosomes adhering to the outer surface, and smooth (with no ribosomes attached)."" [ISBN:0198506732]",1758,41,24,25413,0.5853658536585366,0.013651877133105802,query_1,"['GO:0005737', 'GO:0012505', 'GO:0043231']","['ENSMUSG00000003814', 'ENSMUSG00000037470', 'ENSMUSG00000038312', 'ENSMUSG00000047554', 'ENSMUSG00000004460', 'ENSMUSG00000020964', 'ENSMUSG00000032383', 'ENSMUSG00000032042', 'ENSMUSG00000053317', 'ENSMUSG00000042747', 'ENSMUSG00000025130', 'ENSMUSG00000032575', 'ENSMUSG00000030062', 'ENSMUSG00000020873', 'ENSMUSG00000020048', 'ENSMUSG00000021917', 'ENSMUSG00000027006', 'ENSMUSG00000031278', 'ENSMUSG00000024875', 'ENSMUSG00000025198', 'ENSMUSG00000022769', 'ENSMUSG00000019188', 'ENSMUSG00000027248', 'ENSMUSG00000040462']","[['IDA', 'IMP', 'ISS', 'ISO', 'IEA'], ['ISS', 'IEA'], ['ISO', 'IEA'], ['ISS', 'IEA'], ['IEA'], ['ISS', 'IEA'], ['IDA', 'IEA'], ['EXP', 'IEA'], ['IDA', 'ISS', 'IEA'], ['IDA', 'IEA'], ['IDA', 'IMP', 'ISO', 'IEA'], ['IEA'], ['IDA', 'NAS', 'IEA'], ['IEA'], ['IDA', 'ISO', 'IEA'], ['ISS', 'IEA'], ['IDA', 'ISS', 'ISO', 'IEA'], ['IEA'], ['IEA'], ['ISS', 'IEA'], ['IDA', 'ISO', 'ISA', 'IEA'], ['IDA', 'ISS', 'IEA'], ['IDA', 'ISO', 'TAS', 'IEA'], ['ISS', 'IEA']]"
GO:CC,GO:0034663,endoplasmic reticulum chaperone complex,5.088114808190152e-13,True,"""A protein complex that is located in the endoplasmic reticulum and is composed of chaperone proteins, including BiP, GRP94; CaBP1, protein disulfide isomerase (PDI), ERdj3, cyclophilin B, ERp72, GRP170, UDP-glucosyltransferase, and SDF2-L1."" [PMID:12475965]",10,41,6,25413,0.14634146341463414,0.6,query_1,['GO:0140534'],"['ENSMUSG00000004460', 'ENSMUSG00000032383', 'ENSMUSG00000025130', 'ENSMUSG00000020048', 'ENSMUSG00000027006', 'ENSMUSG00000022769']","[['IEA'], ['IDA'], ['IDA'], ['IDA'], ['ISS', 'IEA'], ['IDA']]"
CORUM,CORUM:413,"(ER)-localized multiprotein complex, Ig heavy chains associated",8.445998505263393e-12,True,"(ER)-localized multiprotein complex, Ig heavy chains associated",9,7,6,1082,0.8571428571428571,0.6666666666666666,query_1,['CORUM:0000000'],"['ENSMUSG00000037470', 'ENSMUSG00000004460', 'ENSMUSG00000032383', 'ENSMUSG00000025130', 'ENSMUSG00000020048', 'ENSMUSG00000022769']","[['CORUM'], ['CORUM'], ['CORUM'], ['CORUM'], ['CORUM'], ['CORUM']]"
GO:BP,GO:0036503,ERAD pathway,2.3357868521969925e-11,True,"""The protein catabolic pathway which targets endoplasmic reticulum (ER)-resident proteins for degradation by the cytoplasmic proteasome. It begins with recognition of the ER-resident protein, includes retrotranslocation (dislocation) of the protein from the ER to the cytosol, protein modifications necessary for correct substrate transfer (e.g. ubiquitination), transport of the protein to the proteasome, and ends with degradation of the protein by the cytoplasmic proteasome."" [GOC:bf, GOC:PARL, PMID:20940304, PMID:21969857]",83,42,9,24936,0.21428571428571427,0.10843373493975904,query_1,"['GO:0010498', 'GO:0034976', 'GO:0042221']","['ENSMUSG00000038312', 'ENSMUSG00000020964', 'ENSMUSG00000053317', 'ENSMUSG00000020048', 'ENSMUSG00000027006', 'ENSMUSG00000025198', 'ENSMUSG00000022769', 'ENSMUSG00000019188', 'ENSMUSG00000040462']","[['IDA', 'IEA'], ['IMP', 'ISS', 'IEA'], ['IEA'], ['ISS', 'IEA'], ['IDA', 'IEA'], ['IEA'], ['ISO', 'IEA'], ['IEA'], ['ISS', 'IEA']]"
GO:BP,GO:0034976,response to endoplasmic reticulum stress,2.671591265427982e-10,True,"""Any process that results in a change in state or activity of a cell (in terms of movement, secretion, enzyme production, gene expression, etc.) as a result of a stress acting at the endoplasmic reticulum. ER stress usually results from the accumulation of unfolded or misfolded proteins in the ER lumen."" [GOC:cjm, GOC:mah]",237,42,11,24936,0.2619047619047619,0.046413502109704644,query_1,['GO:0033554'],"['ENSMUSG00000038312', 'ENSMUSG00000020964', 'ENSMUSG00000053317', 'ENSMUSG00000025130', 'ENSMUSG00000032575', 'ENSMUSG00000020048', 'ENSMUSG00000027006', 'ENSMUSG00000025198', 'ENSMUSG00000022769', 'ENSMUSG00000019188', 'ENSMUSG00000040462']","[['IDA', 'IEA'], ['IMP', 'ISS', 'IEA'], ['IEA'], ['IEA'], ['IEA'], ['ISS', 'IEA'], ['IDA', 'ISS', 'IEA'], ['IEA'], ['ISO', 'IEA'], ['IEA'], ['ISS', 'IEA']]"
GO:CC,GO:0012505,endomembrane system,1.415713284019921e-09,True,"""A collection of membranous structures involved in transport within the cell. The main components of the endomembrane system are endoplasmic reticulum, Golgi bodies, vesicles, cell membrane and nuclear envelope. Members of the endomembrane system pass materials through each other or though the use of vesicles."" [GOC:lh]",4005,41,26,25413,0.6341463414634146,0.006491885143570537,query_1,['GO:0110165'],"['ENSMUSG00000003814', 'ENSMUSG00000037470', 'ENSMUSG00000038312', 'ENSMUSG00000047554', 'ENSMUSG00000004460', 'ENSMUSG00000020964', 'ENSMUSG00000032383', 'ENSMUSG00000009894', 'ENSMUSG00000032042', 'ENSMUSG00000053317', 'ENSMUSG00000042747', 'ENSMUSG00000025130', 'ENSMUSG00000032575', 'ENSMUSG00000030062', 'ENSMUSG00000020873', 'ENSMUSG00000020048', 'ENSMUSG00000021917', 'ENSMUSG00000027006', 'ENSMUSG00000031278', 'ENSMUSG00000024875', 'ENSMUSG00000025198', 'ENSMUSG00000022769', 'ENSMUSG00000019188', 'ENSMUSG00000027248', 'ENSMUSG00000040462', 'ENSMUSG00000032182']","[['IDA', 'IMP', 'ISS', 'ISO', 'IEA'], ['ISS', 'IEA'], ['ISO', 'IEA'], ['ISS', 'IEA'], ['IEA'], ['ISS', 'IEA'], ['IDA', 'IEA'], ['IEA'], ['EXP', 'IEA'], ['IDA', 'ISS', 'IEA'], ['IDA', 'IEA'], ['IDA', 'IMP', 'ISO', 'IEA'], ['IEA'], ['IDA', 'NAS', 'IEA'], ['IEA'], ['IDA', 'ISO', 'IEA'], ['ISS', 'IEA'], ['IDA', 'ISS', 'ISO', 'IEA'], ['IEA'], ['IEA'], ['ISS', 'IEA'], ['IDA', 'ISO', 'ISA', 'IEA'], ['IDA', 'ISS', 'IEA'], ['IDA', 'ISO', 'TAS', 'IEA'], ['ISS', 'IEA'], ['ISS', 'IEA']]"
CORUM,CORUM:414,"(ER)-localized multiprotein complex, in absence of Ig heavy chains",3.0252778322685277e-09,True,"(ER)-localized multiprotein complex, in absence of Ig heavy chains",8,7,5,1082,0.7142857142857143,0.625,query_1,['CORUM:0000000'],"['ENSMUSG00000037470', 'ENSMUSG00000032383', 'ENSMUSG00000025130', 'ENSMUSG00000020048', 'ENSMUSG00000022769']","[['CORUM'], ['CORUM'], ['CORUM'], ['CORUM'], ['CORUM']]"
GO:BP,GO:1903513,endoplasmic reticulum to cytosol transport,8.095904864177697e-09,True,"""The directed movement of substances from endoplasmic reticulum to cytosol."" [GO_REF:0000076, GOC:BHF, GOC:mtg_cardiac_conduct_nov11, GOC:rl, GOC:TermGenie, PMID:16402920]",27,42,6,24936,0.14285714285714285,0.2222222222222222,query_1,['GO:0046907'],"['ENSMUSG00000038312', 'ENSMUSG00000020964', 'ENSMUSG00000053317', 'ENSMUSG00000020048', 'ENSMUSG00000019188', 'ENSMUSG00000040462']","[['IDA', 'IEA'], ['IEA'], ['IEA'], ['IEA'], ['IEA'], ['IEA']]"
GO:BP,GO:0030970,"retrograde protein transport, ER to cytosol",8.095904864177697e-09,True,"""The directed movement of unfolded or misfolded proteins from the endoplasmic reticulum to the cytosol through the translocon."" [PMID:11994744]",27,42,6,24936,0.14285714285714285,0.2222222222222222,query_1,"['GO:0032527', 'GO:0036503', 'GO:1903513']","['ENSMUSG00000038312', 'ENSMUSG00000020964', 'ENSMUSG00000053317', 'ENSMUSG00000020048', 'ENSMUSG00000019188', 'ENSMUSG00000040462']","[['IDA', 'IEA'], ['IEA'], ['IEA'], ['IEA'], ['IEA'], ['IEA']]"
GO:CC,GO:0005789,endoplasmic reticulum membrane,1.4965968364810175e-08,True,"""The lipid bilayer surrounding the endoplasmic reticulum."" [GOC:mah]",1104,41,15,25413,0.36585365853658536,0.01358695652173913,query_1,"['GO:0031090', 'GO:0042175', 'GO:0098827']","['ENSMUSG00000003814', 'ENSMUSG00000047554', 'ENSMUSG00000020964', 'ENSMUSG00000032042', 'ENSMUSG00000053317', 'ENSMUSG00000042747', 'ENSMUSG00000030062', 'ENSMUSG00000020873', 'ENSMUSG00000020048', 'ENSMUSG00000021917', 'ENSMUSG00000031278', 'ENSMUSG00000024875', 'ENSMUSG00000025198', 'ENSMUSG00000019188', 'ENSMUSG00000027248']","[['IMP', 'IEA'], ['ISS', 'IEA'], ['ISS', 'IEA'], ['EXP', 'IEA'], ['ISS', 'IEA'], ['IDA', 'IEA'], ['IDA', 'NAS', 'IEA'], ['IEA'], ['IEA'], ['ISS', 'IEA'], ['IEA'], ['IEA'], ['ISS', 'IEA'], ['IDA', 'ISS', 'IEA'], ['ISO', 'IEA']]"
GO:CC,GO:0098827,endoplasmic reticulum subcompartment,1.5742924966589652e-08,True,"""A distinct region of the endoplasmic reticulum."" [GOC:dos]",1108,41,15,25413,0.36585365853658536,0.013537906137184115,query_1,"['GO:0005783', 'GO:0031984']","['ENSMUSG00000003814', 'ENSMUSG00000047554', 'ENSMUSG00000020964', 'ENSMUSG00000032042', 'ENSMUSG00000053317', 'ENSMUSG00000042747', 'ENSMUSG00000030062', 'ENSMUSG00000020873', 'ENSMUSG00000020048', 'ENSMUSG00000021917', 'ENSMUSG00000031278', 'ENSMUSG00000024875', 'ENSMUSG00000025198', 'ENSMUSG00000019188', 'ENSMUSG00000027248']","[['IMP', 'IEA'], ['ISS', 'IEA'], ['ISS', 'IEA'], ['EXP', 'IEA'], ['ISS', 'IEA'], ['IDA', 'IEA'], ['IDA', 'NAS', 'IEA'], ['IEA'], ['IEA'], ['ISS', 'IEA'], ['IEA'], ['IEA'], ['ISS', 'IEA'], ['IDA', 'ISS', 'IEA'], ['ISO', 'IEA']]"
GO:CC,GO:0042175,nuclear outer membrane-endoplasmic reticulum membrane network,1.8999834347986858e-08,True,"""The continuous network of membranes encompassing the nuclear outer membrane and the endoplasmic reticulum membrane."" [GOC:bf, GOC:jl, GOC:mah, GOC:mcc, GOC:pr, GOC:vw]",1123,41,15,25413,0.36585365853658536,0.013357079252003561,query_1,"['GO:0012505', 'GO:0016020']","['ENSMUSG00000003814', 'ENSMUSG00000047554', 'ENSMUSG00000020964', 'ENSMUSG00000032042', 'ENSMUSG00000053317', 'ENSMUSG00000042747', 'ENSMUSG00000030062', 'ENSMUSG00000020873', 'ENSMUSG00000020048', 'ENSMUSG00000021917', 'ENSMUSG00000031278', 'ENSMUSG00000024875', 'ENSMUSG00000025198', 'ENSMUSG00000019188', 'ENSMUSG00000027248']","[['IMP', 'IEA'], ['ISS', 'IEA'], ['ISS', 'IEA'], ['EXP', 'IEA'], ['ISS', 'IEA'], ['IDA', 'IEA'], ['IDA', 'NAS', 'IEA'], ['IEA'], ['IEA'], ['ISS', 'IEA'], ['IEA'], ['IEA'], ['ISS', 'IEA'], ['IDA', 'ISS', 'IEA'], ['ISO', 'IEA']]"
GO:CC,GO:0031984,organelle subcompartment,1.9714632927578988e-08,True,"""A compartment that consists of a lumen and an enclosing membrane, and is part of an organelle."" [GOC:mah, GOC:pz]",1341,41,16,25413,0.3902439024390244,0.011931394481730051,query_1,"['GO:0043227', 'GO:0043229', 'GO:0110165']","['ENSMUSG00000003814', 'ENSMUSG00000047554', 'ENSMUSG00000020964', 'ENSMUSG00000032042', 'ENSMUSG00000053317', 'ENSMUSG00000042747', 'ENSMUSG00000030062', 'ENSMUSG00000020873', 'ENSMUSG00000020048', 'ENSMUSG00000021917', 'ENSMUSG00000031278', 'ENSMUSG00000024875', 'ENSMUSG00000025198', 'ENSMUSG00000019188', 'ENSMUSG00000027248', 'ENSMUSG00000032182']","[['IMP', 'IEA'], ['ISS', 'IEA'], ['ISS', 'IEA'], ['EXP', 'IEA'], ['ISS', 'IEA'], ['IDA', 'IEA'], ['IDA', 'NAS', 'IEA'], ['IEA'], ['IEA'], ['ISS', 'IEA'], ['IEA'], ['IEA'], ['ISS', 'IEA'], ['IDA', 'ISS', 'IEA'], ['ISO', 'IEA'], ['ISS', 'IEA']]"
GO:BP,GO:0032527,protein exit from endoplasmic reticulum,1.4083133268162884e-07,True,"""The directed movement of proteins from the endoplasmic reticulum."" [GOC:rb]",42,42,6,24936,0.14285714285714285,0.14285714285714285,query_1,['GO:0006886'],"['ENSMUSG00000038312', 'ENSMUSG00000020964', 'ENSMUSG00000053317', 'ENSMUSG00000020048', 'ENSMUSG00000019188', 'ENSMUSG00000040462']","[['IDA', 'IEA'], ['IEA'], ['IEA'], ['IEA'], ['IEA'], ['IEA']]"
GO:BP,GO:0006457,protein folding,2.3569781366930495e-06,True,"""The process of assisting in the covalent and noncovalent assembly of single chain polypeptides or multisubunit complexes into the correct tertiary structure."" [GOC:go_curators, GOC:rb]",122,42,7,24936,0.16666666666666666,0.05737704918032787,query_1,"['GO:0009987', 'GO:0051604']","['ENSMUSG00000003814', 'ENSMUSG00000004460', 'ENSMUSG00000032383', 'ENSMUSG00000025130', 'ENSMUSG00000020048', 'ENSMUSG00000027006', 'ENSMUSG00000039128']","[['IEA'], ['IEA'], ['IEA'], ['IEA'], ['IEA'], ['ISS', 'IEA'], ['IEA']]"
GO:CC,GO:0005737,cytoplasm,2.0534320184543406e-05,True,"""The contents of a cell excluding the plasma membrane and nucleus, but including other subcellular structures."" [ISBN:0198547684]",10727,41,34,25413,0.8292682926829268,0.003169572107765452,query_1,"['GO:0005622', 'GO:0110165']","['ENSMUSG00000003814', 'ENSMUSG00000037470', 'ENSMUSG00000038312', 'ENSMUSG00000047554', 'ENSMUSG00000030220', 'ENSMUSG00000004460', 'ENSMUSG00000020964', 'ENSMUSG00000032383', 'ENSMUSG00000009894', 'ENSMUSG00000032042', 'ENSMUSG00000053317', 'ENSMUSG00000018659', 'ENSMUSG00000042747', 'ENSMUSG00000040952', 'ENSMUSG00000025130', 'ENSMUSG00000032575', 'ENSMUSG00000030062', 'ENSMUSG00000020873', 'ENSMUSG00000028889', 'ENSMUSG00000020048', 'ENSMUSG00000030611', 'ENSMUSG00000021917', 'ENSMUSG00000036006', 'ENSMUSG00000052926', 'ENSMUSG00000027006', 'ENSMUSG00000031278', 'ENSMUSG00000039128', 'ENSMUSG00000024875', 'ENSMUSG00000025198', 'ENSMUSG00000022769', 'ENSMUSG00000019188', 'ENSMUSG00000027248', 'ENSMUSG00000040462', 'ENSMUSG00000032182']","[['IDA', 'IMP', 'ISS', 'ISO', 'TAS', 'IEA'], ['ISS', 'IEA'], ['ISO', 'IEA'], ['ISS', 'IEA'], ['ISS', 'IEA'], ['IDA', 'ISO', 'IEA'], ['ISS', 'IEA'], ['IDA', 'IEA'], ['IEA'], ['EXP', 'IEA'], ['IDA', 'ISS', 'IEA'], ['IDA'], ['IDA', 'IEA'], ['IDA', 'ISS', 'TAS', 'NAS', 'IEA'], ['IDA', 'IMP', 'ISO', 'IEA'], ['IEA'], ['IDA', 'NAS', 'IEA'], ['IEA'], ['ISS', 'IEA'], ['IDA', 'ISO', 'IEA'], ['IEA'], ['ISS', 'IEA'], ['ISS', 'TAS', 'IEA'], ['IEA'], ['IDA', 'ISS', 'ISO', 'IEA'], ['IDA', 'HDA', 'IEA'], ['ISS', 'IEA'], ['IEA'], ['ISS', 'IEA'], ['IDA', 'ISO', 'ISA', 'IEA'], ['IDA', 'ISS', 'IEA'], ['IDA', 'ISO', 'TAS', 'IEA'], ['ISS', 'IEA'], ['ISS', 'IEA']]"
GO:CC,GO:0033018,sarcoplasmic reticulum lumen,2.7490561853613896e-05,True,"""The volume enclosed by the membranes of the sarcoplasmic reticulum."" [GOC:rph]",7,41,3,25413,0.07317073170731707,0.42857142857142855,query_1,"['GO:0005788', 'GO:0016529']","['ENSMUSG00000003814', 'ENSMUSG00000032575', 'ENSMUSG00000020048']","[['IEA'], ['IEA'], ['IEA']]"
GO:BP,GO:0010498,proteasomal protein catabolic process,4.876838679114693e-05,True,"""The chemical reactions and pathways resulting in the breakdown of a protein or peptide by hydrolysis of its peptide bonds that is mediated by the proteasome."" [GOC:tb]",420,42,9,24936,0.21428571428571427,0.02142857142857143,query_1,['GO:0030163'],"['ENSMUSG00000038312', 'ENSMUSG00000020964', 'ENSMUSG00000053317', 'ENSMUSG00000020048', 'ENSMUSG00000027006', 'ENSMUSG00000025198', 'ENSMUSG00000022769', 'ENSMUSG00000019188', 'ENSMUSG00000040462']","[['IDA', 'IEA'], ['IMP', 'ISS', 'IEA'], ['IEA'], ['ISS', 'IEA'], ['IDA', 'IEA'], ['IEA'], ['ISO', 'IEA'], ['IEA'], ['ISS', 'IEA']]"
GO:BP,GO:0019538,protein metabolic process,5.2803135377010894e-05,True,"""The chemical reactions and pathways involving a protein. Includes protein modification."" [GOC:ma]",3854,42,22,24936,0.5238095238095238,0.005708354955889984,query_1,"['GO:0043170', 'GO:0044238']","['ENSMUSG00000003814', 'ENSMUSG00000038312', 'ENSMUSG00000004460', 'ENSMUSG00000020964', 'ENSMUSG00000032383', 'ENSMUSG00000022871', 'ENSMUSG00000053317', 'ENSMUSG00000042747', 'ENSMUSG00000040952', 'ENSMUSG00000025130', 'ENSMUSG00000030062', 'ENSMUSG00000020253', 'ENSMUSG00000020048', 'ENSMUSG00000030611', 'ENSMUSG00000056131', 'ENSMUSG00000027006', 'ENSMUSG00000003355', 'ENSMUSG00000039128', 'ENSMUSG00000025198', 'ENSMUSG00000022769', 'ENSMUSG00000019188', 'ENSMUSG00000040462']","[['IEA'], ['IDA', 'IEA'], ['ISS', 'IEA'], ['IMP', 'ISS', 'IEA'], ['ISS', 'IEA'], ['IDA'], ['IEA'], ['IEA'], ['NAS', 'IEA'], ['IMP', 'IEA'], ['NAS', 'IEA'], ['IEA'], ['ISS', 'ISO', 'IEA'], ['IEA'], ['ISS', 'IEA'], ['IDA', 'ISS', 'IEA'], ['IEA'], ['IEA'], ['IEA'], ['ISO', 'IEA'], ['ISS', 'IEA'], ['ISS', 'IEA']]"
TF,TF:M01660,Factor: GABP-alpha; motif: CTTCCK,8.974520424876374e-05,True,Factor: GABP-alpha; motif: CTTCCK,10774,43,38,21760,0.8837209302325582,0.0035270094672359385,query_1,['TF:M00000'],"['ENSMUSG00000037470', 'ENSMUSG00000038312', 'ENSMUSG00000047554', 'ENSMUSG00000030220', 'ENSMUSG00000004460', 'ENSMUSG00000032383', 'ENSMUSG00000038298', 'ENSMUSG00000009894', 'ENSMUSG00000022871', 'ENSMUSG00000032042', 'ENSMUSG00000018659', 'ENSMUSG00000042747', 'ENSMUSG00000040599', 'ENSMUSG00000040952', 'ENSMUSG00000025130', 'ENSMUSG00000032575', 'ENSMUSG00000029189', 'ENSMUSG00000030062', 'ENSMUSG00000020873', 'ENSMUSG00000028889', 'ENSMUSG00000020253', 'ENSMUSG00000020048', 'ENSMUSG00000030611', 'ENSMUSG00000035949', 'ENSMUSG00000056131', 'ENSMUSG00000021917', 'ENSMUSG00000036006', 'ENSMUSG00000052926', 'ENSMUSG00000027006', 'ENSMUSG00000003355', 'ENSMUSG00000031278', 'ENSMUSG00000039128', 'ENSMUSG00000024875', 'ENSMUSG00000025198', 'ENSMUSG00000022769', 'ENSMUSG00000027248', 'ENSMUSG00000040462', 'ENSMUSG00000032182']","[['TF'], ['TF'], ['TF'], ['TF'], ['TF'], ['TF'], ['TF'], ['TF'], ['TF'], ['TF'], ['TF'], ['TF'], ['TF'], ['TF'], ['TF'], ['TF'], ['TF'], ['TF'], ['TF'], ['TF'], ['TF'], ['TF'], ['TF'], ['TF'], ['TF'], ['TF'], ['TF'], ['TF'], ['TF'], ['TF'], ['TF'], ['TF'], ['TF'], ['TF'], ['TF'], ['TF'], ['TF'], ['TF']]"
GO:CC,GO:0005791,rough endoplasmic reticulum,0.00021811021164139702,True,"""The rough (or granular) endoplasmic reticulum (ER) has ribosomes adhering to the outer surface; the ribosomes are the site of translation of the mRNA for those proteins which are either to be retained within the cisternae (ER-resident proteins), the proteins of the lysosomes, or the proteins destined for export from the cell. Glycoproteins undergo their initial glycosylation within the cisternae."" [ISBN:0198506732]",48,41,4,25413,0.0975609756097561,0.08333333333333333,query_1,['GO:0005783'],"['ENSMUSG00000032042', 'ENSMUSG00000053317', 'ENSMUSG00000030062', 'ENSMUSG00000019188']","[['EXP', 'IEA'], ['IEA'], ['IDA'], ['ISS', 'IEA']]"
GO:CC,GO:0044322,endoplasmic reticulum quality control compartment,0.00022313009400134088,True,"""A subcompartment of the endoplasmic reticulum in which proteins with improper or incorrect folding accumulate. Enzymes in this compartment direct proteins with major folding problems to translocation to the cytosol and degradation, and proteins with minor folding problems to the ER, to interact with chaperon proteins."" [PMID:11408579]",13,41,3,25413,0.07317073170731707,0.23076923076923078,query_1,"['GO:0005783', 'GO:0110165']","['ENSMUSG00000003814', 'ENSMUSG00000038312', 'ENSMUSG00000053317']","[['IDA'], ['IEA'], ['IDA', 'IEA']]"
GO:MF,GO:0051787,misfolded protein binding,0.0006875339580391267,True,"""Binding to a misfolded protein."" [GOC:ai]",13,43,3,23512,0.06976744186046512,0.23076923076923078,query_1,['GO:0005515'],"['ENSMUSG00000004460', 'ENSMUSG00000027006', 'ENSMUSG00000022769']","[['IEA'], ['ISS', 'IEA'], ['ISO', 'IEA']]"
TF,TF:M00665,Factor: Sp3; motif: ASMCTTGGGSRGGG,0.0011519785443757315,True,Factor: Sp3; motif: ASMCTTGGGSRGGG,7256,43,30,21760,0.6976744186046512,0.004134509371554576,query_1,['TF:M00000'],"['ENSMUSG00000003814', 'ENSMUSG00000037470', 'ENSMUSG00000038312', 'ENSMUSG00000047554', 'ENSMUSG00000032204', 'ENSMUSG00000030220', 'ENSMUSG00000020964', 'ENSMUSG00000032383', 'ENSMUSG00000038298', 'ENSMUSG00000022871', 'ENSMUSG00000032042', 'ENSMUSG00000018659', 'ENSMUSG00000042747', 'ENSMUSG00000040952', 'ENSMUSG00000025130', 'ENSMUSG00000032575', 'ENSMUSG00000029189', 'ENSMUSG00000030062', 'ENSMUSG00000020253', 'ENSMUSG00000020048', 'ENSMUSG00000056131', 'ENSMUSG00000021917', 'ENSMUSG00000036006', 'ENSMUSG00000024875', 'ENSMUSG00000025198', 'ENSMUSG00000022769', 'ENSMUSG00000019188', 'ENSMUSG00000027248', 'ENSMUSG00000040462', 'ENSMUSG00000032182']","[['TF'], ['TF'], ['TF'], ['TF'], ['TF'], ['TF'], ['TF'], ['TF'], ['TF'], ['TF'], ['TF'], ['TF'], ['TF'], ['TF'], ['TF'], ['TF'], ['TF'], ['TF'], ['TF'], ['TF'], ['TF'], ['TF'], ['TF'], ['TF'], ['TF'], ['TF'], ['TF'], ['TF'], ['TF'], ['TF']]"
GO:BP,GO:0046907,intracellular transport,0.0030529569571904882,True,"""The directed movement of substances within a cell."" [GOC:ai]",1121,42,11,24936,0.2619047619047619,0.009812667261373774,query_1,"['GO:0006810', 'GO:0051641', 'GO:0051649']","['ENSMUSG00000003814', 'ENSMUSG00000038312', 'ENSMUSG00000047554', 'ENSMUSG00000020964', 'ENSMUSG00000032042', 'ENSMUSG00000053317', 'ENSMUSG00000025130', 'ENSMUSG00000020048', 'ENSMUSG00000024875', 'ENSMUSG00000019188', 'ENSMUSG00000040462']","[['IEA'], ['IDA', 'IEA'], ['IEA'], ['IEA'], ['IEA'], ['IEA'], ['IMP'], ['IEA'], ['IEA'], ['IEA'], ['IEA']]"
GO:MF,GO:0051082,unfolded protein binding,0.0030991155117978766,True,"""Binding to an unfolded protein."" [GOC:ai]",68,43,4,23512,0.09302325581395349,0.058823529411764705,query_1,['GO:0005515'],"['ENSMUSG00000003814', 'ENSMUSG00000037470', 'ENSMUSG00000004460', 'ENSMUSG00000020048']","[['IEA'], ['ISS', 'IEA'], ['IDA', 'IEA'], ['IEA']]"
GO:BP,GO:0006886,intracellular protein transport,0.0033147584808318102,True,"""The directed movement of proteins in a cell, including the movement of proteins between specific compartments or structures within a cell, such as organelles of a eukaryotic cell."" [GOC:mah]",510,42,8,24936,0.19047619047619047,0.01568627450980392,query_1,"['GO:0008104', 'GO:0015031', 'GO:0046907']","['ENSMUSG00000003814', 'ENSMUSG00000038312', 'ENSMUSG00000020964', 'ENSMUSG00000032042', 'ENSMUSG00000053317', 'ENSMUSG00000020048', 'ENSMUSG00000019188', 'ENSMUSG00000040462']","[['IEA'], ['IDA', 'IEA'], ['IEA'], ['IEA'], ['IEA'], ['IEA'], ['IEA'], ['IEA']]"
GO:BP,GO:0033554,cellular response to stress,0.0036800429705894254,True,"""Any process that results in a change in state or activity of a cell (in terms of movement, secretion, enzyme production, gene expression, etc.) as a result of a stimulus indicating the organism is under stress. The stress is usually, but not necessarily, exogenous (e.g. temperature, humidity, ionizing radiation)."" [GOC:mah]",1666,42,13,24936,0.30952380952380953,0.0078031212484993995,query_1,"['GO:0006950', 'GO:0051716']","['ENSMUSG00000003814', 'ENSMUSG00000038312', 'ENSMUSG00000020964', 'ENSMUSG00000053317', 'ENSMUSG00000025130', 'ENSMUSG00000032575', 'ENSMUSG00000020048', 'ENSMUSG00000052926', 'ENSMUSG00000027006', 'ENSMUSG00000025198', 'ENSMUSG00000022769', 'ENSMUSG00000019188', 'ENSMUSG00000040462']","[['IMP', 'IEA'], ['IDA', 'IEA'], ['IMP', 'ISS', 'IEA'], ['IEA'], ['IEA'], ['IEA'], ['ISS', 'IEA'], ['IMP', 'ISO', 'NAS', 'IEA'], ['IDA', 'ISS', 'IEA'], ['IEA'], ['ISO', 'IEA'], ['IEA'], ['ISS', 'IEA']]"
KEGG,KEGG:03060,Protein export,0.003681901294938181,True,Protein export,36,23,3,10539,0.13043478260869565,0.08333333333333333,query_1,['KEGG:00000'],"['ENSMUSG00000032042', 'ENSMUSG00000053317', 'ENSMUSG00000021917']","[['KEGG'], ['KEGG'], ['KEGG']]"
GO:CC,GO:0042470,melanosome,0.004648530471883391,True,"""A tissue-specific, membrane-bounded cytoplasmic organelle within which melanin pigments are synthesized and stored. Melanosomes are synthesized in melanocyte cells."" [GOC:jl, PMID:11584301]",103,41,4,25413,0.0975609756097561,0.038834951456310676,query_1,['GO:0048770'],"['ENSMUSG00000032383', 'ENSMUSG00000025130', 'ENSMUSG00000020048', 'ENSMUSG00000027248']","[['IEA'], ['IEA'], ['IEA'], ['IEA']]"
GO:CC,GO:0048770,pigment granule,0.004648530471883391,True,"""A small, subcellular membrane-bounded vesicle containing pigment and/or pigment precursor molecules. Pigment granule biogenesis is poorly understood, as pigment granules are derived from multiple sources including the endoplasmic reticulum, coated vesicles, lysosomes, and endosomes."" [GOC:jid, GOC:mh]",103,41,4,25413,0.0975609756097561,0.038834951456310676,query_1,['GO:0031410'],"['ENSMUSG00000032383', 'ENSMUSG00000025130', 'ENSMUSG00000020048', 'ENSMUSG00000027248']","[['IEA'], ['IEA'], ['IEA'], ['IEA']]"
TF,TF:M06843,Factor: Sall1; motif: NGGTCCKRGKRA,0.004777261580013838,True,Factor: Sall1; motif: NGGTCCKRGKRA,4706,43,23,21760,0.5348837209302325,0.004887377815554611,query_1,['TF:M00000'],"['ENSMUSG00000003814', 'ENSMUSG00000037470', 'ENSMUSG00000038312', 'ENSMUSG00000032204', 'ENSMUSG00000020964', 'ENSMUSG00000038298', 'ENSMUSG00000022871', 'ENSMUSG00000053317', 'ENSMUSG00000018659', 'ENSMUSG00000040599', 'ENSMUSG00000040952', 'ENSMUSG00000032575', 'ENSMUSG00000028889', 'ENSMUSG00000020253', 'ENSMUSG00000020048', 'ENSMUSG00000035949', 'ENSMUSG00000036006', 'ENSMUSG00000039128', 'ENSMUSG00000024875', 'ENSMUSG00000025198', 'ENSMUSG00000022769', 'ENSMUSG00000027248', 'ENSMUSG00000040462']","[['TF'], ['TF'], ['TF'], ['TF'], ['TF'], ['TF'], ['TF'], ['TF'], ['TF'], ['TF'], ['TF'], ['TF'], ['TF'], ['TF'], ['TF'], ['TF'], ['TF'], ['TF'], ['TF'], ['TF'], ['TF'], ['TF'], ['TF']]"
GO:CC,GO:0031090,organelle membrane,0.004798259964969723,True,"""A membrane that is one of the two lipid bilayers of an organelle envelope or the outermost membrane of single membrane bound organelle."" [GOC:dos, GOC:mah]",3276,41,16,25413,0.3902439024390244,0.004884004884004884,query_1,"['GO:0016020', 'GO:0043227']","['ENSMUSG00000003814', 'ENSMUSG00000047554', 'ENSMUSG00000020964', 'ENSMUSG00000032042', 'ENSMUSG00000053317', 'ENSMUSG00000042747', 'ENSMUSG00000030062', 'ENSMUSG00000020873', 'ENSMUSG00000020048', 'ENSMUSG00000021917', 'ENSMUSG00000031278', 'ENSMUSG00000024875', 'ENSMUSG00000025198', 'ENSMUSG00000019188', 'ENSMUSG00000027248', 'ENSMUSG00000032182']","[['IMP', 'IEA'], ['ISS', 'IEA'], ['ISS', 'IEA'], ['EXP', 'IEA'], ['ISS', 'IEA'], ['IDA', 'IEA'], ['IDA', 'NAS', 'IEA'], ['IEA'], ['IEA'], ['ISS', 'IEA'], ['IEA'], ['IEA'], ['ISS', 'IEA'], ['IDA', 'ISS', 'IEA'], ['ISO', 'IEA'], ['IEA']]"
TF,TF:M01993,Factor: TEL1; motif: CNCGGAANNN,0.006754499779460785,True,Factor: TEL1; motif: CNCGGAANNN,10445,43,35,21760,0.813953488372093,0.003350885591191958,query_1,['TF:M00000'],"['ENSMUSG00000003814', 'ENSMUSG00000037470', 'ENSMUSG00000038312', 'ENSMUSG00000047554', 'ENSMUSG00000004460', 'ENSMUSG00000038298', 'ENSMUSG00000009894', 'ENSMUSG00000022871', 'ENSMUSG00000032042', 'ENSMUSG00000018659', 'ENSMUSG00000042747', 'ENSMUSG00000040599', 'ENSMUSG00000040952', 'ENSMUSG00000025130', 'ENSMUSG00000032575', 'ENSMUSG00000029189', 'ENSMUSG00000030062', 'ENSMUSG00000020873', 'ENSMUSG00000028889', 'ENSMUSG00000020048', 'ENSMUSG00000035949', 'ENSMUSG00000056131', 'ENSMUSG00000021917', 'ENSMUSG00000036006', 'ENSMUSG00000052926', 'ENSMUSG00000027006', 'ENSMUSG00000003355', 'ENSMUSG00000031278', 'ENSMUSG00000039128', 'ENSMUSG00000024875', 'ENSMUSG00000025198', 'ENSMUSG00000022769', 'ENSMUSG00000019188', 'ENSMUSG00000027248', 'ENSMUSG00000032182']","[['TF'], ['TF'], ['TF'], ['TF'], ['TF'], ['TF'], ['TF'], ['TF'], ['TF'], ['TF'], ['TF'], ['TF'], ['TF'], ['TF'], ['TF'], ['TF'], ['TF'], ['TF'], ['TF'], ['TF'], ['TF'], ['TF'], ['TF'], ['TF'], ['TF'], ['TF'], ['TF'], ['TF'], ['TF'], ['TF'], ['TF'], ['TF'], ['TF'], ['TF'], ['TF']]"
GO:CC,GO:0042824,MHC class I peptide loading complex,0.007679541369685192,True,"""A large, multisubunit complex which consists of the MHC class I-beta 2 microglobulin dimer, the transporter associated with antigen presentation (TAP), tapasin (an MHC-encoded membrane protein), the chaperone calreticulin and the thiol oxidoreductase ERp57. Functions in the assembly of peptides with newly synthesized MHC class I molecules."" [GOC:jl, PMID:10631934]",6,41,2,25413,0.04878048780487805,0.3333333333333333,query_1,"['GO:0005789', 'GO:0098796', 'GO:0140534']","['ENSMUSG00000003814', 'ENSMUSG00000027248']","[['IMP', 'IEA'], ['ISO', 'IEA']]"
GO:BP,GO:0051604,protein maturation,0.007955455364783466,True,"""Any process leading to the attainment of the full functional capacity of a protein."" [GOC:ai]",402,42,7,24936,0.16666666666666666,0.017412935323383085,query_1,"['GO:0010467', 'GO:0019538']","['ENSMUSG00000003814', 'ENSMUSG00000004460', 'ENSMUSG00000032383', 'ENSMUSG00000025130', 'ENSMUSG00000020048', 'ENSMUSG00000027006', 'ENSMUSG00000039128']","[['IEA'], ['ISS', 'IEA'], ['IEA'], ['IMP', 'IEA'], ['ISO', 'IEA'], ['ISS', 'IEA'], ['IEA']]"
GO:BP,GO:0045184,establishment of protein localization,0.008616370319334214,True,"""The directed movement of a protein to a specific location."" [GOC:bf]",1514,42,12,24936,0.2857142857142857,0.007926023778071334,query_1,['GO:0051234'],"['ENSMUSG00000003814', 'ENSMUSG00000038312', 'ENSMUSG00000020964', 'ENSMUSG00000009894', 'ENSMUSG00000032042', 'ENSMUSG00000053317', 'ENSMUSG00000020048', 'ENSMUSG00000036006', 'ENSMUSG00000031278', 'ENSMUSG00000024875', 'ENSMUSG00000019188', 'ENSMUSG00000040462']","[['IEA'], ['IDA', 'IEA'], ['IMP', 'IEA'], ['IDA', 'IMP'], ['NAS', 'IEA'], ['IEA'], ['IEA'], ['IMP'], ['ISS'], ['IEA'], ['IEA'], ['IEA']]"
GO:MF,GO:0015035,protein-disulfide reductase activity,0.010560518747845844,True,"""Catalysis of the reaction: a protein with reduced sulfide groups = a protein with oxidized disulfide bonds."" [PMID:7559385]",31,43,3,23512,0.06976744186046512,0.0967741935483871,query_1,"['GO:0015036', 'GO:0140096']","['ENSMUSG00000025130', 'ENSMUSG00000027006', 'ENSMUSG00000027248']","[['IMP', 'IEA'], ['IDA', 'IEA'], ['IEA']]"
GO:BP,GO:0030163,protein catabolic process,0.012426897618806802,True,"""The chemical reactions and pathways resulting in the breakdown of a protein by the destruction of the native, active configuration, with or without the hydrolysis of peptide bonds."" [GOC:mah]",816,42,9,24936,0.21428571428571427,0.011029411764705883,query_1,"['GO:0009057', 'GO:0019538']","['ENSMUSG00000038312', 'ENSMUSG00000020964', 'ENSMUSG00000053317', 'ENSMUSG00000020048', 'ENSMUSG00000027006', 'ENSMUSG00000025198', 'ENSMUSG00000022769', 'ENSMUSG00000019188', 'ENSMUSG00000040462']","[['IDA', 'IEA'], ['IMP', 'ISS', 'IEA'], ['IEA'], ['ISS', 'IEA'], ['IDA', 'IEA'], ['IEA'], ['ISO', 'IEA'], ['IEA'], ['ISS', 'IEA']]"
GO:BP,GO:0015031,protein transport,0.013359770436209778,True,"""The directed movement of proteins into, out of or within a cell, or between cells, by means of some agent such as a transporter or pore."" [GOC:ai]",1307,42,11,24936,0.2619047619047619,0.008416220351951033,query_1,"['GO:0006810', 'GO:0008104', 'GO:0045184']","['ENSMUSG00000003814', 'ENSMUSG00000038312', 'ENSMUSG00000020964', 'ENSMUSG00000009894', 'ENSMUSG00000032042', 'ENSMUSG00000053317', 'ENSMUSG00000020048', 'ENSMUSG00000031278', 'ENSMUSG00000024875', 'ENSMUSG00000019188', 'ENSMUSG00000040462']","[['IEA'], ['IDA', 'IEA'], ['IMP', 'IEA'], ['IDA', 'IMP'], ['IEA'], ['IEA'], ['IEA'], ['ISS'], ['IEA'], ['IEA'], ['IEA']]"
GO:CC,GO:0036513,Derlin-1 retrotranslocation complex,0.014305837065815936,True,"""A protein complex that functions in the retrotranslocation step of ERAD (ER-associated protein degradation), and includes at its core Derlin-1 oligomers forming a retrotranslocation channel."" [GOC:bf, GOC:PARL, PMID:15215856, PMID:16186510]",8,41,2,25413,0.04878048780487805,0.25,query_1,"['GO:0005789', 'GO:0098796', 'GO:0140534']","['ENSMUSG00000020964', 'ENSMUSG00000019188']","[['IEA'], ['IEA']]"
GO:MF,GO:0019899,enzyme binding,0.015245459128409956,True,"""Binding to an enzyme, a protein with catalytic activity."" [GOC:jl]",1696,43,12,23512,0.27906976744186046,0.007075471698113208,query_1,['GO:0005515'],"['ENSMUSG00000003814', 'ENSMUSG00000030220', 'ENSMUSG00000032383', 'ENSMUSG00000040952', 'ENSMUSG00000025130', 'ENSMUSG00000020048', 'ENSMUSG00000027006', 'ENSMUSG00000025198', 'ENSMUSG00000022769', 'ENSMUSG00000019188', 'ENSMUSG00000040462', 'ENSMUSG00000032182']","[['IEA'], ['ISS', 'IEA'], ['IEA'], ['IEA'], ['IEA'], ['ISO', 'IEA'], ['IPI', 'IEA'], ['IEA'], ['ISO', 'IEA'], ['IEA'], ['IEA'], ['IEA']]"
GO:MF,GO:0015036,disulfide oxidoreductase activity,0.01811567264241438,True,"""Catalysis of the reaction: substrate with reduced sulfide groups = substrate with oxidized disulfide bonds."" [GOC:curators]",37,43,3,23512,0.06976744186046512,0.08108108108108109,query_1,['GO:0016667'],"['ENSMUSG00000025130', 'ENSMUSG00000027006', 'ENSMUSG00000027248']","[['IMP', 'IEA'], ['IDA', 'IEA'], ['IEA']]"
GO:CC,GO:0098796,membrane protein complex,0.019673928751718275,True,"""Any protein complex that is part of a membrane."" [GOC:dos]",1194,41,9,25413,0.21951219512195122,0.007537688442211055,query_1,"['GO:0016020', 'GO:0032991']","['ENSMUSG00000003814', 'ENSMUSG00000020964', 'ENSMUSG00000032042', 'ENSMUSG00000053317', 'ENSMUSG00000042747', 'ENSMUSG00000030062', 'ENSMUSG00000021917', 'ENSMUSG00000019188', 'ENSMUSG00000027248']","[['IMP', 'IEA'], ['ISS', 'IEA'], ['EXP', 'IEA'], ['IEA'], ['IDA', 'IEA'], ['IDA', 'NAS', 'IEA'], ['IEA'], ['IEA'], ['ISO', 'IEA']]"
GO:BP,GO:0051234,establishment of localization,0.02402010734059899,True,"""Any process that localizes a substance or cellular component. This may occur via movement, tethering or selective degradation."" [GOC:ai, GOC:dos]",4145,42,19,24936,0.4523809523809524,0.004583835946924005,query_1,['GO:0051179'],"['ENSMUSG00000003814', 'ENSMUSG00000038312', 'ENSMUSG00000047554', 'ENSMUSG00000032204', 'ENSMUSG00000020964', 'ENSMUSG00000038298', 'ENSMUSG00000009894', 'ENSMUSG00000032042', 'ENSMUSG00000053317', 'ENSMUSG00000025130', 'ENSMUSG00000020873', 'ENSMUSG00000028889', 'ENSMUSG00000020048', 'ENSMUSG00000036006', 'ENSMUSG00000031278', 'ENSMUSG00000024875', 'ENSMUSG00000019188', 'ENSMUSG00000040462', 'ENSMUSG00000032182']","[['IMP', 'IEA'], ['IDA', 'IEA'], ['IEA'], ['ISS', 'TAS', 'IEA'], ['IMP', 'IEA'], ['IEA'], ['IDA', 'IMP'], ['NAS', 'IEA'], ['IEA'], ['IMP'], ['IEA'], ['ISO', 'IEA'], ['IEA'], ['IMP'], ['ISS'], ['IEA'], ['IEA'], ['IEA'], ['IEA']]"
TF,TF:M04662_1,Factor: FOXN4; motif: NNWANNCGWMCGCGTCNNNNMT; match class: 1,0.026078859484596442,True,Factor: FOXN4; motif: NNWANNCGWMCGCGTCNNNNMT; match class: 1,12829,43,38,21760,0.8837209302325582,0.0029620391300958764,query_1,['TF:M04662'],"['ENSMUSG00000003814', 'ENSMUSG00000037470', 'ENSMUSG00000038312', 'ENSMUSG00000032204', 'ENSMUSG00000004460', 'ENSMUSG00000020964', 'ENSMUSG00000032383', 'ENSMUSG00000038298', 'ENSMUSG00000009894', 'ENSMUSG00000032042', 'ENSMUSG00000053317', 'ENSMUSG00000042747', 'ENSMUSG00000040599', 'ENSMUSG00000040952', 'ENSMUSG00000025130', 'ENSMUSG00000032575', 'ENSMUSG00000029189', 'ENSMUSG00000030062', 'ENSMUSG00000028889', 'ENSMUSG00000020253', 'ENSMUSG00000020048', 'ENSMUSG00000030611', 'ENSMUSG00000035949', 'ENSMUSG00000056131', 'ENSMUSG00000021917', 'ENSMUSG00000036006', 'ENSMUSG00000052926', 'ENSMUSG00000027006', 'ENSMUSG00000003355', 'ENSMUSG00000031278', 'ENSMUSG00000039128', 'ENSMUSG00000024875', 'ENSMUSG00000025198', 'ENSMUSG00000022769', 'ENSMUSG00000019188', 'ENSMUSG00000027248', 'ENSMUSG00000040462', 'ENSMUSG00000032182']","[['TF'], ['TF'], ['TF'], ['TF'], ['TF'], ['TF'], ['TF'], ['TF'], ['TF'], ['TF'], ['TF'], ['TF'], ['TF'], ['TF'], ['TF'], ['TF'], ['TF'], ['TF'], ['TF'], ['TF'], ['TF'], ['TF'], ['TF'], ['TF'], ['TF'], ['TF'], ['TF'], ['TF'], ['TF'], ['TF'], ['TF'], ['TF'], ['TF'], ['TF'], ['TF'], ['TF'], ['TF'], ['TF']]"
REAC,REAC:R-MMU-901042,Calnexin/calreticulin cycle,0.02703376862393279,True,Calnexin/calreticulin cycle,8,18,2,8514,0.1111111111111111,0.25,query_1,['REAC:R-MMU-532668'],"['ENSMUSG00000003814', 'ENSMUSG00000027248']","[['REAC'], ['REAC']]"
TF,TF:M07980,Factor: Atf-1; motif: RTGACGTA,0.027332565440562756,True,Factor: Atf-1; motif: RTGACGTA,8814,43,31,21760,0.7209302325581395,0.0035171318357159064,query_1,['TF:M00000'],"['ENSMUSG00000038312', 'ENSMUSG00000047554', 'ENSMUSG00000032204', 'ENSMUSG00000004460', 'ENSMUSG00000020964', 'ENSMUSG00000038298', 'ENSMUSG00000009894', 'ENSMUSG00000022871', 'ENSMUSG00000032042', 'ENSMUSG00000053317', 'ENSMUSG00000018659', 'ENSMUSG00000042747', 'ENSMUSG00000040599', 'ENSMUSG00000040952', 'ENSMUSG00000025130', 'ENSMUSG00000030062', 'ENSMUSG00000020873', 'ENSMUSG00000028889', 'ENSMUSG00000020253', 'ENSMUSG00000020048', 'ENSMUSG00000035949', 'ENSMUSG00000056131', 'ENSMUSG00000036006', 'ENSMUSG00000027006', 'ENSMUSG00000003355', 'ENSMUSG00000031278', 'ENSMUSG00000024875', 'ENSMUSG00000025198', 'ENSMUSG00000019188', 'ENSMUSG00000027248', 'ENSMUSG00000032182']","[['TF'], ['TF'], ['TF'], ['TF'], ['TF'], ['TF'], ['TF'], ['TF'], ['TF'], ['TF'], ['TF'], ['TF'], ['TF'], ['TF'], ['TF'], ['TF'], ['TF'], ['TF'], ['TF'], ['TF'], ['TF'], ['TF'], ['TF'], ['TF'], ['TF'], ['TF'], ['TF'], ['TF'], ['TF'], ['TF'], ['TF']]"
GO:BP,GO:0009057,macromolecule catabolic process,0.028947957523003227,True,"""The chemical reactions and pathways resulting in the breakdown of a macromolecule, any molecule of high relative molecular mass, the structure of which essentially comprises the multiple repetition of units derived, actually or conceptually, from molecules of low relative molecular mass."" [GOC:mah]",1152,42,10,24936,0.23809523809523808,0.008680555555555556,query_1,"['GO:0009056', 'GO:0043170']","['ENSMUSG00000038312', 'ENSMUSG00000020964', 'ENSMUSG00000053317', 'ENSMUSG00000020048', 'ENSMUSG00000052926', 'ENSMUSG00000027006', 'ENSMUSG00000025198', 'ENSMUSG00000022769', 'ENSMUSG00000019188', 'ENSMUSG00000040462']","[['IDA', 'IEA'], ['IMP', 'ISS', 'IEA'], ['IEA'], ['ISS', 'IEA'], ['ISS', 'IEA'], ['IDA', 'IEA'], ['IEA'], ['ISO', 'IEA'], ['IEA'], ['ISS', 'IEA']]"
GO:CC,GO:0032991,protein-containing complex,0.030699368933427233,True,"""A stable assembly of two or more macromolecules, i.e. proteins, nucleic acids, carbohydrates or lipids, in which at least one component is a protein and the constituent parts function together."" [GOC:dos, GOC:mah]",6617,41,22,25413,0.5365853658536586,0.0033247695330210067,query_1,['GO:0005575'],"['ENSMUSG00000003814', 'ENSMUSG00000037470', 'ENSMUSG00000004460', 'ENSMUSG00000020964', 'ENSMUSG00000032383', 'ENSMUSG00000009894', 'ENSMUSG00000032042', 'ENSMUSG00000053317', 'ENSMUSG00000042747', 'ENSMUSG00000040599', 'ENSMUSG00000040952', 'ENSMUSG00000025130', 'ENSMUSG00000030062', 'ENSMUSG00000020048', 'ENSMUSG00000030611', 'ENSMUSG00000021917', 'ENSMUSG00000052926', 'ENSMUSG00000027006', 'ENSMUSG00000025198', 'ENSMUSG00000022769', 'ENSMUSG00000019188', 'ENSMUSG00000027248']","[['IMP', 'IEA'], ['IEA'], ['IEA'], ['ISS', 'IEA'], ['IDA', 'ISS'], ['ISS'], ['EXP', 'IEA'], ['IEA'], ['IDA', 'IEA'], ['ISS', 'NAS', 'IEA'], ['IDA', 'ISS', 'NAS', 'IEA'], ['IDA', 'ISO', 'IEA'], ['IDA', 'NAS', 'IEA'], ['IDA', 'IEA'], ['IEA'], ['IEA'], ['IDA', 'IPI', 'ISS', 'IEA'], ['ISS', 'IEA'], ['ISO', 'IEA'], ['IDA', 'IEA'], ['IEA'], ['ISO', 'IEA']]"
REAC,REAC:R-MMU-3000480,Scavenging by Class A Receptors,0.03471416452920032,True,Scavenging by Class A Receptors,9,18,2,8514,0.1111111111111111,0.2222222222222222,query_1,['REAC:R-MMU-2173782'],"['ENSMUSG00000003814', 'ENSMUSG00000020048']","[['REAC'], ['REAC']]"
GO:CC,GO:0016529,sarcoplasmic reticulum,0.04355356477986659,True,"""A fine reticular network of membrane-limited elements that pervades the sarcoplasm of a muscle cell; continuous over large portions of the cell and with the nuclear envelope; that part of the endoplasmic reticulum specialized for calcium release, uptake and storage."" [GOC:mtg_muscle, ISBN:0124325653, ISBN:0198547684]",72,41,3,25413,0.07317073170731707,0.041666666666666664,query_1,"['GO:0005783', 'GO:0016528']","['ENSMUSG00000003814', 'ENSMUSG00000032575', 'ENSMUSG00000020048']","[['IEA'], ['IEA'], ['IEA']]"
GO:CC,GO:0008250,oligosaccharyltransferase complex,0.0462095079004341,True,"""A protein complex that is found in the endoplasmic reticulum membrane of eukaryotes and transfers lipid-linked oligosaccharide precursor to asparagine residues on nascent proteins. The complex includes at least eight non-identical subunits. Different forms of the complex containing distinct subunits have been detected in mammals."" [PMID:15835887, PMID:31810196, PMID:32316603]",14,41,2,25413,0.04878048780487805,0.14285714285714285,query_1,"['GO:0005789', 'GO:0098796', 'GO:0140534', 'GO:1990234']","['ENSMUSG00000042747', 'ENSMUSG00000030062']","[['IDA', 'IEA'], ['IDA', 'NAS', 'IEA']]"
GO:MF,GO:0016667,"oxidoreductase activity, acting on a sulfur group of donors",0.04769478994388964,True,"""Catalysis of an oxidation-reduction (redox) reaction in which a sulfur-containing group acts as a hydrogen or electron donor and reduces a hydrogen or electron acceptor."" [EC:1.8.-.-, GOC:ai]",51,43,3,23512,0.06976744186046512,0.058823529411764705,query_1,['GO:0016491'],"['ENSMUSG00000025130', 'ENSMUSG00000027006', 'ENSMUSG00000027248']","[['IMP', 'IEA'], ['IDA', 'IEA'], ['IEA']]"
GO:BP,GO:0051641,cellular localization,0.048666019007316146,True,"""A cellular localization process whereby a substance or cellular entity, such as a protein complex or organelle, is transported to, and/or maintained in, a specific location within a cell including the localization of substances or cellular entities to the cell membrane."" [GOC:tb, GOC:vw]",2112,42,13,24936,0.30952380952380953,0.00615530303030303,query_1,"['GO:0009987', 'GO:0051179']","['ENSMUSG00000003814', 'ENSMUSG00000038312', 'ENSMUSG00000047554', 'ENSMUSG00000020964', 'ENSMUSG00000038298', 'ENSMUSG00000009894', 'ENSMUSG00000032042', 'ENSMUSG00000053317', 'ENSMUSG00000025130', 'ENSMUSG00000020048', 'ENSMUSG00000024875', 'ENSMUSG00000019188', 'ENSMUSG00000040462']","[['IEA'], ['IDA', 'IEA'], ['IEA'], ['IEA'], ['IEA'], ['IDA', 'IMP'], ['NAS', 'IEA'], ['IEA'], ['IMP'], ['IEA'], ['IEA'], ['IEA'], ['ISS', 'IEA']]"
GO:BP,GO:0002397,MHC class I protein complex assembly,0.04929636952172392,True,"""The aggregation, arrangement and bonding together of a set of components to form an MHC class I protein complex. Class I here refers to classical class I molecules."" [GOC:add, ISBN:0781735149, PMID:15771591]",5,42,2,24936,0.047619047619047616,0.4,query_1,['GO:0002396'],"['ENSMUSG00000003814', 'ENSMUSG00000027248']","[['IMP', 'IEA'], ['ISO', 'IEA']]"
GO:BP,GO:0002502,peptide antigen assembly with MHC class I protein complex,0.04929636952172392,True,"""The binding of a peptide to the antigen binding groove of an MHC class I protein complex. Class I here refers to classical class I molecules."" [GOC:add, ISBN:0781735149, PMID:15771591]",5,42,2,24936,0.047619047619047616,0.4,query_1,"['GO:0002397', 'GO:0002474', 'GO:0002501']","['ENSMUSG00000003814', 'ENSMUSG00000027248']","[['IMP', 'IEA'], ['ISO', 'IEA']]"
GO:BP,GO:1901164,negative regulation of trophoblast cell migration,0.04929636952172392,True,"""Any process that stops, prevents or reduces the frequency, rate or extent of trophoblast cell migration."" [GOC:BHF, GOC:TermGenie]",5,42,2,24936,0.047619047619047616,0.4,query_1,"['GO:0030336', 'GO:0051241', 'GO:0061450', 'GO:1901163', 'GO:2000242']","['ENSMUSG00000003814', 'ENSMUSG00000030220']","[['IEA'], ['IEA']]"
GO:BP,GO:0034975,protein folding in endoplasmic reticulum,0.04929636952172392,True,"""A protein folding process that takes place in the endoplasmic reticulum (ER). Secreted, plasma membrane and organelle proteins are folded in the ER, assisted by chaperones and foldases (protein disulphide isomerases), and additional factors required for optimal folding (ATP, Ca2+ and an oxidizing environment to allow disulfide bond formation)."" [GOC:mah, GOC:vw]",5,42,2,24936,0.047619047619047616,0.4,query_1,['GO:0006457'],"['ENSMUSG00000025130', 'ENSMUSG00000027006']","[['IEA'], ['ISS', 'IEA']]"
GO:BP,GO:0006810,transport,0.04949296505762755,True,"""The directed movement of substances (such as macromolecules, small molecules, ions) or cellular components (such as complexes and organelles) into, out of or within a cell, or between cells, or within a multicellular organism by means of some agent such as a transporter or a transporter complex, a pore or a motor protein."" [GOC:dos, GOC:dph, GOC:jl, GOC:mah]",3943,42,18,24936,0.42857142857142855,0.004565051990869896,query_1,['GO:0051234'],"['ENSMUSG00000003814', 'ENSMUSG00000038312', 'ENSMUSG00000047554', 'ENSMUSG00000032204', 'ENSMUSG00000020964', 'ENSMUSG00000038298', 'ENSMUSG00000009894', 'ENSMUSG00000032042', 'ENSMUSG00000053317', 'ENSMUSG00000025130', 'ENSMUSG00000020873', 'ENSMUSG00000028889', 'ENSMUSG00000020048', 'ENSMUSG00000031278', 'ENSMUSG00000024875', 'ENSMUSG00000019188', 'ENSMUSG00000040462', 'ENSMUSG00000032182']","[['IMP', 'IEA'], ['IDA', 'IEA'], ['IEA'], ['ISS', 'TAS', 'IEA'], ['IMP', 'IEA'], ['IEA'], ['IDA', 'IMP'], ['IEA'], ['IEA'], ['IMP'], ['IEA'], ['ISO', 'IEA'], ['IEA'], ['ISS'], ['IEA'], ['IEA'], ['IEA'], ['IEA']]"
